公司全名,公司简称,公司规模,融资阶段,区域,职位名称,工作经验,学历要求,工资,职位福利
便利蜂商贸有限公司,便利蜂,2000人以上,不需要融资,朝阳区,算法工程师(J11044),3-5年,本科,25k-50k,机会多多
北京趣拿软件科技有限公司,去哪儿网,2000人以上,不需要融资,海淀区,算法,3-5年,硕士,20k-40k,"薪资福利,核心业务,成长空间"
小船出海教育科技（北京）有限公司,作业帮,2000人以上,C轮,海淀区,算法-语音识别(J11092),3-5年,本科,30k-50k,"平台好,福利好"
北京字节跳动科技有限公司,字节跳动,2000人以上,C轮,海淀区,算法实习生,不限,硕士,5k-9k,免费三餐，租房补贴，扁平管理，健身瑜伽
北京陌陌科技有限公司,陌陌,500-2000人,上市公司,朝阳区,算法实习生,1年以下,硕士,4k-5k,"成长大,团队精湛,完善的福利"
北京世纪好未来教育科技有限公司,好未来,2000人以上,上市公司,海淀区,AIlab-算法群-移动端开发工程师,3-5年,本科,20k-40k,团队氛围好
北京启明合心科技有限公司,合心科技,50-150人,B轮,海淀区,算法实习生,应届毕业生,本科,6k-10k,"领导好,午晚餐"
中诚信征信有限公司,中诚信征信,150-500人,不需要融资,东城区,算法leader,3-5年,硕士,25k-40k,"行业领导者,优美四合院,午餐零食,周五7小时"
北京三快在线科技有限公司,美团点评,2000人以上,D轮及以上,朝阳区,算法,3-5年,硕士,40k-70k,"发展平台,技术氛围,免费班车,加班补贴"
北京奇艺世纪科技有限公司,爱奇艺,2000人以上,上市公司,海淀区,算法实习生-VR,应届毕业生,硕士,4k-5k,有转正机会
北京雪球信息科技有限公司,雪球,150-500人,D轮及以上,朝阳区,NLP算法工程师/算法专家,3-5年,硕士,25k-40k,"六险一金,免费午餐,扁平管理,成长空间大"
上海海知智能科技有限公司,海知智能,50-150人,A轮,海淀区,算法专家,5-10年,本科,35k-70k,"创新前沿,技术大牛,发展空间大,弹性工作"
北京毫米科技有限公司,homi,50-150人,A轮,朝阳区,算法架构师,3-5年,硕士,20k-35k,"弹性工作制,地铁沿线,股票期权,大咖云集"
北京京东世纪贸易有限公司,京东物流,2000人以上,上市公司,通州区,算法&amp;数据挖掘 科学家,1-3年,硕士,25k-50k,"五险一金,竞争性薪酬,行业领先,名校合作"
百融金融信息服务股份有限公司,百融金服,500-2000人,C轮,海淀区,研发工程师-算法方向,应届毕业生,本科,16k-20k,"年底双薪,带薪年假,绩效奖励,年度旅游"
北京字节跳动科技有限公司,字节跳动,2000人以上,C轮,海淀区,算法实习生,不限,本科,6k-8k,免费三餐，休闲下午茶，职业大牛，团队氛围好
小船出海教育科技（北京）有限公司,作业帮,2000人以上,C轮,海淀区,数据挖掘/算法实习生,应届毕业生,本科,5k-6k,七险一金；免费三餐；氛围好
北京三快在线科技有限公司,美团点评,2000人以上,D轮及以上,朝阳区,算法专家,5-10年,硕士,40k-70k,"新业务,成长空间大,团队氛围好"
上海海知智能科技有限公司,海知智能,50-150人,A轮,海淀区,算法实习生,应届毕业生,本科,4k-6k,"创新前沿,发展空间大,弹性工作,股票期权"
北京和讯在线信息咨询服务有限公司,和讯网,150-500人,不需要融资,朝阳区,算法工程师(000980),1-3年,不限,20k-40k,"弹性工作,技术驱动,福利待遇好"
北京亮道智能汽车技术有限公司,亮道智能汽车,50-150人,A轮,朝阳区,算法实习生,应届毕业生,本科,4k-8k,7险一金
天阳宏业科技股份有限公司,天阳科技,500-2000人,上市公司,海淀区,算法工程师,1-3年,本科,15k-25k,金融IT 金融风险 产品研发
上海基分文化传播有限公司,趣头条,500-2000人,上市公司,海淀区,算法专家,3-5年,本科,40k-70k,"平均15薪,六险一金,餐补"
北京好脉网络信息技术有限公司,北京好脉,50-150人,A轮,海淀区,算法工程师/算法专家,5-10年,本科,20k-40k,"五险一金,地铁周边,双休,弹性工作"
晋商博创（北京）科技有限公司,博创科技,15-50人,不需要融资,丰台区,算法工程师,3-5年,本科,25k-40k,"工作气氛好,技术环境好"
云粒智慧科技有限公司,云粒智慧,50-150人,不需要融资,西城区,算法工程师-城市大脑,3-5年,硕士,30k-50k,发展空间大，薪资福利好
北京嘀嘀无限科技发展有限公司,滴滴出行,2000人以上,不需要融资,海淀区,资深算法工程师／算法专家(J170808016),3-5年,本科,25k-50k,广阔平台、诱人职位、急速成长
古点投资有限公司,古点 (dotcom),50-150人,不需要融资,海淀区,算法工程师,1-3年,本科,10k-15k,福利好，办公环境好，待遇高
北京智加智行科技有限公司,智加科技,50-150人,A轮,海淀区,算法工程师,1-3年,本科,25k-50k,"人工智能,自动驾驶,风口行业"
北京世纪好未来教育科技有限公司,好未来,2000人以上,上市公司,海淀区,算法专家,5-10年,本科,35k-60k,"上市公司,大牛团队,福利优厚,晋升空间大"
北京字节跳动科技有限公司,字节跳动,2000人以上,C轮,海淀区,算法实习生-抖音短视频,不限,本科,6k-8k,免费三餐，休闲下午茶，扁平管理，过亿用户
北京三快在线科技有限公司,美团点评,2000人以上,D轮及以上,朝阳区,算法,5-10年,本科,20k-40k,五险一金
小船出海教育科技（北京）有限公司,作业帮,2000人以上,C轮,海淀区,算法工程师(J11056),3-5年,本科,30k-50k,"平台好,福利好"
云粒智慧科技有限公司,云粒智慧,50-150人,不需要融资,西城区,云粒智慧-算法研发,1-3年,硕士,15k-30k,"算法,NLP,图像、语音,数据挖掘"
北京嘀嘀无限科技发展有限公司,滴滴出行,2000人以上,不需要融资,海淀区,算法专家,5-10年,本科,30k-50k,"免费晚餐,团队和谐"
北京金堤科技有限公司,天眼查,50-150人,A轮,海淀区,算法工程师,不限,硕士,20k-40k,"核心部门,万千宠爱,五险一金,技术大牛"
北京云英传奇技术有限公司,CloudIn,50-150人,A轮,朝阳区,算法工程师,1-3年,本科,30k-60k,"全额公积金,弹性工作,午餐补助"
北京数美时代科技有限公司,数美,150-500人,B轮,朝阳区,算法实习生,应届毕业生,本科,3k-6k,"海量数据,大牛云集,股票期权,待遇给力"
北京小川在线网络技术有限公司,最右,150-500人,B轮,海淀区,算法专家/算法架构师,5-10年,本科,50k-100k,"成长空间大,高薪高股,大牛云集,不打卡"
中信百信银行股份有限公司,百信银行,150-500人,不需要融资,朝阳区,算法工程师,不限,硕士,30k-60k,"算法,数据挖掘,机器学习,深度学习"
北京旷视科技有限公司,Face++,500-2000人,C轮,海淀区,算法实习生,应届毕业生,本科,6k-8k,"人工智能,黑科技,刷脸上下班,团队牛"
中诚信征信有限公司,中诚信征信,150-500人,不需要融资,东城区,算法工程师,1-3年,本科,20k-35k,"行业领导者,优美四合院,午餐和零食,周五7小时"
掌阅科技股份有限公司,掌阅,500-2000人,上市公司,朝阳区,算法工程师,3-5年,本科,25k-40k,上市公司，独角兽企业，核心部门，众多大牛
北京智合大方科技有限公司,客知音,15-50人,A轮,东城区,算法工程师,不限,本科,20k-40k,人工智能；技术驱动；大牛带队；福利多多
上海淇毓信息科技有限公司,奇虎360金融,500-2000人,未融资,朝阳区,算法工程师,3-5年,本科,20k-40k,"创新业务,优秀团队,六险一金,带薪假期"
北京字节跳动科技有限公司,字节跳动,2000人以上,C轮,海淀区,算法实习生-国际化,不限,本科,4k-6k,六险一金，弹性工作，免费三餐，租房补贴
北京三快在线科技有限公司,美团点评,2000人以上,D轮及以上,朝阳区,算法专家-美团闪购,3-5年,硕士,25k-45k,技术大牛
小船出海教育科技（北京）有限公司,作业帮,2000人以上,C轮,海淀区,数据挖掘/算法工程师,1-3年,本科,20K-40K,七险一金、免费三餐、住房补贴、年终奖
北京嘀嘀无限科技发展有限公司,滴滴出行,2000人以上,不需要融资,海淀区,算法专家,不限,本科,40k-60k,"上升期业务,技术氛围好,技术沉淀好,空间大"
混沌时代（北京）教育科技有限公司,混沌大学,150-500人,不需要融资,海淀区,高级算法工程师/算法专家,5-10年,本科,30k-50k,"弹性工作,六险一金,子女福利,发展空间"
香格里拉饭店管理（上海）有限公司北京分公司,香格里拉饭店管理（上海）有限公司北京分公司,2000人以上,上市公司,朝阳区,算法工程师,3-5年,本科,20k-40k,"技术牛人,环境宽松,待遇优厚"
上海海知智能科技有限公司,海知智能,50-150人,A轮,海淀区,算法架构师,5-10年,本科,35k-70k,"科技前沿,弹性工作,发展空间大,充分授权"
苏州融畅软件科技有限公司,融畅软件,50-150人,未融资,海淀区,算法专家,5-10年,硕士,45k-80k,业务增速迅猛，资本大咖加持
北京弘道智慧中医技术有限公司,弘道,50-150人,不需要融资,海淀区,算法架构师,3-5年,博士,30k-60k,"五险一金,带薪年假,交通餐补,创业公司"
北京寻宝天行网络技术有限公司,寻宝天行,50-150人,不需要融资,朝阳区,算法工程师,不限,硕士,10k-20k,"节假日福利,六险一金,免费班车,加班补贴"
世纪禾光科技发展（北京）有限公司,敦煌网,500-2000人,D轮及以上,海淀区,算法实习生,不限,本科,3k-5k,弹性工作制
北京多知科技有限公司,考虫网,150-500人,D轮及以上,东城区,算法工程师,3-5年,本科,15k-30k,"在线教育,D轮,发展空间,热情 创新"
北京善义善美科技有限公司,人人车,2000人以上,D轮及以上,朝阳区,算法总监,3-5年,硕士,30k-60k,最大互联网汽车服务交易平台
上海阅文信息技术有限公司,阅文集团,500-2000人,上市公司,朝阳区,算法/数据挖掘高级工程师,3-5年,本科,30k-50k,"技术大牛多,环境好,福利好,晋升快"
北京猎户星空科技有限公司,猎户星空,500-2000人,A轮,朝阳区,算法实习生,不限,硕士,4k-8k,"成长空间,餐补"
北京三快在线科技有限公司,美团点评,2000人以上,D轮及以上,朝阳区,算法leader,5-10年,硕士,40k-70k,"核心业务,发展空间大"
北京嘀嘀无限科技发展有限公司,滴滴出行,2000人以上,不需要融资,海淀区,算法/大数据(J180719005),3-5年,本科,30k-60k,广阔平台 急速成长 诱人福利
北京字节跳动科技有限公司,字节跳动,2000人以上,C轮,海淀区,算法工程师,应届毕业生,本科,20k-30k,扁平管理，职业大牛，晋升空间，团队氛围好
北京蓦然认知科技有限公司,蓦然认知科技,50-150人,A轮,海淀区,算法工程师,1-3年,本科,25k-45k,比Google 和 Siri 还牛的研发团队
深思考人工智能机器人科技（北京）有限公司,深思考人工智能机器人,50-150人,A轮,海淀区,机器学习与算法工程师/研究员,不限,硕士,15k-30k,"前沿公司,大平台"
北京周同科技有限公司,周同科技,50-150人,A轮,朝阳区,算法工程师,不限,硕士,15k-25k,年底双薪、带薪年假、扁平化管理
北京望石智慧科技有限公司,北京望石智慧科技有限公司,15-50人,天使轮,海淀区,算法实习生,应届毕业生,硕士,6k-8k,"牛人多,期权,国际视野,发展前景好"
鼎力联合（北京）科技有限公司,赛格威机器人,50-150人,C轮,海淀区,算法实习生,应届毕业生,本科,5k-8k,"智能机器人,创新,牛人团队,黑科技"
北京云英传奇技术有限公司,CloudIn,50-150人,A轮,朝阳区,算法研究员,应届毕业生,硕士,20k-40k,"弹性工作,餐费补助,工业数据"
银客未来科技（北京）有限公司,INK 银客集团,500-2000人,C轮,海淀区,算法专家,5-10年,本科,60k-100k,"七险一金,期权,弹性工作,牛人团队"
天创信用服务有限公司,天创信用,150-500人,B轮,朝阳区,算法工程师,1-3年,本科,20k-35k,弹性工作 不打卡 领导nice 福利好
北京金山云网络技术有限公司,金山云,500-2000人,D轮及以上,海淀区,算法实习生,应届毕业生,本科,3k-5k,"免费三餐,班车接送,发展前景大"
小狗电器互联网科技（北京）股份有限公司,小狗电器,150-500人,不需要融资,朝阳区,算法工程师,1-3年,硕士,25k-35k,"五险一金,餐补,通讯补,双休"
北京瓴岳信息技术有限公司,洋钱罐,150-500人,不需要融资,朝阳区,算法工程师,1-3年,硕士,15k-30k,"技术大牛多,年底旅游,弹性工作,下午茶"
北京斗米优聘科技发展有限公司,斗米,500-2000人,B轮,海淀区,算法专家,3-5年,大专,30k-50k,"六险一金,发展空间大"
北京三快在线科技有限公司,美团点评,2000人以上,D轮及以上,朝阳区,无人车-控制算法,3-5年,硕士,25k-40k,技术大牛
北京嘀嘀无限科技发展有限公司,滴滴出行,2000人以上,不需要融资,海淀区,高级算法工程师/算法专家,1-3年,本科,20k-40k,"15薪,六险一金,空间大,大牛多"
北京字节跳动科技有限公司,字节跳动,2000人以上,C轮,海淀区,算法工程师-广告系统,应届毕业生,本科,20k-40k,弹性工作，免费三餐，租房补贴，健身瑜伽
北京小米科技有限责任公司,小米,2000人以上,D轮及以上,海淀区,算法/数据工程师,不限,本科,23k-45k,"技术,平台"
百融金融信息服务股份有限公司,百融金服,500-2000人,C轮,海淀区,算法工程师,应届毕业生,本科,15k-20k,"福利好,环境好,扁平化,领导是大牛"
北京推想科技有限公司,推想科技,150-500人,B轮,朝阳区,算法经理 (MJ000181),1-3年,硕士,30k-60k,"人工智能,弹性不打卡,团队年轻,年终奖丰厚"
北京五八到家信息技术有限公司,58到家,50-150人,天使轮,朝阳区,算法专家,5-10年,本科,30k-50k,"平台强大,待遇优厚,扁平管理"
北京智慧星光信息技术有限公司,智慧星光,500-2000人,不需要融资,海淀区,算法工程师,不限,硕士,12k-24k,"发展潜力大,团队优秀,加班少"
北京领创智信科技有限公司,北京领创智信科技有限公司,500-2000人,B轮,朝阳区,算法工程师,3-5年,本科,25k-35k,"高能团队,发展空间,优质福利,鼓励创新"
北京善义善美科技有限公司,人人车,2000人以上,D轮及以上,朝阳区,算法-数据挖掘,3-5年,硕士,35k-70k,年底双薪 弹性办公 技术大牛
北京全民快乐科技有限公司,全民快乐,150-500人,B轮,东城区,算法总监,5-10年,硕士,50k-75k,新融资 海外市场
车好多旧机动车经纪(北京)有限公司,瓜子二手车直卖网,2000人以上,C轮,海淀区,算法／策略产品经理,1-3年,本科,20k-35k,期权奖励、晋升空间、行业独角兽
北京多牛互动传媒股份有限公司,多牛传媒,150-500人,上市公司,海淀区,算法经理,5-10年,硕士,20k-40k,"五险一金,周末双休"
银客未来科技（北京）有限公司,INK 银客集团,500-2000人,C轮,海淀区,算法工程师,3-5年,不限,20k-30k,"七险一金,绩效奖金,弹性工作制,免费下午茶"
北京旷视科技有限公司,Face++,500-2000人,C轮,海淀区,算法工程师/ Researcher,3-5年,本科,30k-60k,重点业务部门 前景好
北京三快在线科技有限公司,美团点评,2000人以上,D轮及以上,朝阳区,算法资深/专家,3-5年,硕士,40k-70k,"技术氛围,发展平台,牛人聚集,加班补贴"
北京嘀嘀无限科技发展有限公司,滴滴出行,2000人以上,不需要融资,海淀区,算法专家,3-5年,本科,20k-40k,"核心团队,未来发展,成长迅速"
北京字节跳动科技有限公司,字节跳动,2000人以上,C轮,海淀区,算法工程师-NLP,应届毕业生,本科,20k-30k,扁平管理，职业大牛，晋升空间
北京瑞地科技有限公司,REDEFINE,150-500人,不需要融资,朝阳区,算法工程师,3-5年,本科,25k-40k,"五险一金,补贴,弹性工作,行业大牛"
北京毫米科技有限公司,homi,50-150人,A轮,朝阳区,控制算法工程师,3-5年,本科,15k-30k,"弹性工作制,地铁沿线,年底奖金,大咖云集"
阿里巴巴（中国）有限公司,阿里妈妈,500-2000人,上市公司,朝阳区,算法专家,3-5年,本科,35K-70K,阿里妈妈核心模型质量评估，顶会文章
北京众安天下科技有限公司,众安天下 allsec,15-50人,天使轮,海淀区,算法实习生,不限,不限,5k-8k,"五险一金,周末双休,节日福利,零食水果"
贝壳找房（北京）科技有限公司,贝壳,2000人以上,C轮,海淀区,算法工程师,5-10年,本科,40k-80k,"15薪,13天年假,免费三餐,期权激励"
京东金融,京东金融,2000人以上,上市公司,大兴区,算法工程师岗,3-5年,硕士,25k-50k,班车；餐补
北京达佳互联信息技术有限公司,快手,500-2000人,D轮及以上,海淀区,算法专家-语义理解/NLU/NLP,3-5年,硕士,30k-50k,"弹性工作,股票期权,精英团队,千万级用户"
北京丝路互动科技有限公司,丝路互动,50-150人,上市公司,海淀区,算法工程师,1-3年,本科,10k-15k,周末双休 五险一金
北京旷视科技有限公司,Face++,500-2000人,C轮,海淀区,算法工程师,3-5年,本科,20k-40k,"弹性工作,大牛云集,定期团建,AI独角兽"
哈弗汽车租赁有限公司,哈弗租赁,50-150人,不需要融资,丰台区,算法工程师,3-5年,本科,15k-25k,"五险一金,双休,弹性工作,14薪"
杉数科技（北京）有限公司,杉数科技,50-150人,A轮,东城区,算法研发工程师,不限,本科,20k-30k,领域大牛导师&amp;精英团队 六险一金 快速成长
艾普拉斯投资顾问（北京）有限公司,以太创服,150-500人,B轮,朝阳区,算法工程师,不限,本科,20k-30k,"团队背景强,发展空间大,成长快"
北京三快在线科技有限公司,美团点评,2000人以上,D轮及以上,朝阳区,算法leader/算法架构,5-10年,本科,35k-70k,"六险一金,技术氛围强"
北京京东世纪贸易有限公司,京东集团,2000人以上,上市公司,大兴区,算法工程师,3-5年,本科,20k-40k,"五险一金,班车"
上海海知智能科技有限公司,海知智能,50-150人,A轮,海淀区,算法工程师-知识图谱,3-5年,本科,25k-50k,"创新前沿,技术大牛,弹性工作,发展空间大"
北京我最在行信息技术有限公司,在行,50-150人,A轮,朝阳区,算法工程师（应届毕业生）,1年以下,硕士,10k-20k,"北京户口,内部培训,领导体贴,团队融洽"
北京智分科技有限公司,NewsJet,50-150人,不需要融资,海淀区,算法工程师,3-5年,本科,25k-45k,"Geek范,清华系,福利待遇好,股票期权"
苏州荣世悦食品有限公司,食行世悦,15-50人,未融资,朝阳区,算法总监/高级算法工程师,3-5年,本科,35k-70k,"大牛多,氛围好,薪资优势,发展迅速"
北京数美时代科技有限公司,数美,150-500人,B轮,朝阳区,算法工程师,1-3年,本科,25k-50k,"大牛如云,待遇给力,海量数据,顶尖团队"
北京字节跳动科技有限公司,字节跳动,2000人以上,C轮,海淀区,算法工程师,3-5年,本科,20k-40k,六险一金，高薪期权，弹性工作，免费三餐
北京车势科技有限公司,车势科技,150-500人,A轮,朝阳区,算法工程师,3-5年,本科,20k-30k,办理工作居住证、福利好、国际化
悠易互通（北京）广告有限公司,悠易,150-500人,C轮,朝阳区,算法工程师,1-3年,本科,20k-35k,六险一金 海外年会 股票期权 节日福利
京东金融,京东金融,2000人以上,上市公司,大兴区,算法工程师,5-10年,本科,20k-30k,"班车,餐补"
北京弘道智慧中医技术有限公司,弘道,50-150人,不需要融资,海淀区,中医药平台-算法工程师,1-3年,硕士,18k-36k,"五险一金,带薪年假,交通餐补,年终绩效"
网联清算有限公司,网联,150-500人,不需要融资,西城区,算法工程师,3-5年,本科,25k-50k,"扁平化,平台大,多晋升通道,高福利"
深圳晶泰科技有限公司,晶泰科技,50-150人,C轮,海淀区,算法工程师,不限,硕士,12k-24k,"MIT大牛,五险一金,年底双薪,带薪年假"
北京粉笔蓝天科技有限公司,粉笔网,150-500人,不需要融资,朝阳区,算法工程师,5-10年,硕士,35k-70k,"年终奖,旅游基金,健身房,商业保险"
北京三快在线科技有限公司,美团点评,2000人以上,D轮及以上,朝阳区,闪购事业部-算法专家-北京,5-10年,博士,35k-65k,技术大牛
北京京东世纪贸易有限公司,京东集团,2000人以上,上市公司,朝阳区,算法工程师,3-5年,硕士,35k-70k,"发展好,平台大,机会多,待遇好"
京东金融,京东金融,2000人以上,上市公司,大兴区,算法工程师,3-5年,硕士,25k-50k,"班车,餐补"
第四范式（北京）技术有限公司,第四范式,500-2000人,B轮,海淀区,语音算法,1-3年,硕士,25k-50k,"人工智能,大牛超多,晋升空间,各种福利"
北京汇通天下物联科技有限公司,G7,500-2000人,C轮,海淀区,算法工程师,5-10年,本科,20k-30k,"传感器,多融合,算法,图像识别"
北京九章云极科技有限公司,九章云极科技,150-500人,B轮,海淀区,算法专家,3-5年,本科,20k-35k,"技术大牛,领导好,弹性工作,扁平化管理"
上海阅文信息技术有限公司,阅文集团,500-2000人,上市公司,朝阳区,算法/数据挖掘高级工程师,3-5年,本科,30k-50k,"福利多,环境好,技术大牛多,晋升快"
杭州云脑科技有限公司,云脑科技,50-150人,A轮,朝阳区,算法工程师,3-5年,硕士,18k-36k,"五险一金,零食饮料,弹性工作,硅谷团队"
北京智融时代信息技术有限公司,智融集团,150-500人,C轮,海淀区,算法工程师,1-3年,本科,15k-30k,靠谱创业团队+初始成员+期权+高成长空间
上海业霆网络科技有限公司,小站教育,500-2000人,C轮,海淀区,算法工程师,3-5年,硕士,15k-25k,"发展平台好,成长空间大,薪资待遇好,办公环境佳"
北京鲸航科技有限公司,鲸航科技,50-150人,天使轮,海淀区,算法工程师,1-3年,本科,20k-35k,"期权池,分红,五险一金,带薪年假"
北京修齐治平科技有限公司,爱云校,500-2000人,C轮,朝阳区,算法工程师,3-5年,本科,20k-40k,带薪年假、期权激励、优良环境、每日鲜果
精硕科技（北京）股份有限公司,AdMaster,500-2000人,不需要融资,海淀区,算法工程师,1-3年,硕士,15k-30k,业界领先
车好多旧机动车经纪(北京)有限公司,瓜子二手车直卖网,2000人以上,C轮,海淀区,算法专家,3-5年,本科,30k-60k,一线互联网公司薪资+全年最高19薪+不打卡
上海基分文化传播有限公司,趣头条,500-2000人,上市公司,海淀区,算法工程师,3-5年,本科,30k-60k,"团队大牛,公司前景"
